Date,equity
2016-01-04,100000.0
2016-01-05,100000.0
2016-01-06,100000.0
2016-01-07,100000.0
2016-01-08,100000.0
2016-01-11,100000.0
2016-01-12,100000.0
2016-01-13,100000.0
2016-01-14,100000.0
2016-01-15,100000.0
2016-01-19,100000.0
2016-01-20,100000.0
2016-01-21,100000.0
2016-01-22,100000.0
2016-01-25,100000.0
2016-01-26,100000.0
2016-01-27,100000.0
2016-01-28,100000.0
2016-01-29,100000.0
2016-02-01,100000.0
2016-02-02,100000.0
2016-02-03,100000.0
2016-02-04,100000.0
2016-02-05,100000.0
2016-02-08,100000.0
2016-02-09,100000.0
2016-02-10,100000.0
2016-02-11,100000.0
2016-02-12,100000.0
2016-02-16,100000.0
2016-02-17,100000.0
2016-02-18,100000.0
2016-02-19,100000.0
2016-02-22,100000.0
2016-02-23,100000.0
2016-02-24,100000.0
2016-02-25,100000.0
2016-02-26,100000.0
2016-02-29,100000.0
2016-03-01,100000.0
2016-03-02,100000.0
2016-03-03,100000.0
2016-03-04,100000.0
2016-03-07,100000.0
2016-03-08,100000.0
2016-03-09,100000.0
2016-03-10,100000.0
2016-03-11,100122.46484629536
2016-03-14,100162.52990214253
2016-03-15,100140.27179591084
2016-03-16,100055.68355814839
2016-03-17,100376.20632807637
2016-03-18,100300.53201929951
2016-03-21,100331.69011561299
2016-03-22,100256.0134836855
2016-03-23,100238.20885722066
2016-03-24,100291.63435236836
2016-03-28,100389.56444422627
2016-03-29,100692.26632563496
2016-03-30,100494.36859385556
2016-03-31,100245.07868148785
2016-04-01,100969.74369384747
2016-04-04,100299.26567073565
2016-04-05,100066.11833896142
2016-04-06,100399.83672328692
2016-04-07,100074.12275149327
2016-04-08,99931.10089101296
2016-04-11,99931.08009151515
2016-04-12,100007.37070904073
2016-04-13,100122.59420178231
2016-04-14,100207.57616879846
2016-04-15,100389.69872965719
2016-04-18,100643.98597602441
2016-04-19,100184.8021472533
2016-04-20,100485.20735925098
2016-04-21,100375.98558085819
2016-04-22,99850.06831395288
2016-04-25,99717.93692010303
2016-04-26,99721.9959677424
2016-04-27,100111.48142927547
2016-04-28,99048.99484355675
2016-04-29,98541.1444354199
2016-05-02,98989.19278883953
2016-05-03,98526.28313422222
2016-05-04,98054.12584239263
2016-05-05,97992.76732155382
2016-05-06,97967.88946816027
2016-05-09,98142.0647916466
2016-05-10,98310.90927406847
2016-05-11,98257.59907814562
2016-05-12,98232.71051308214
2016-05-13,98113.63066383898
2016-05-16,98270.0335416466
2016-05-17,98161.62251564562
2016-05-18,98118.95614906847
2016-05-19,97987.43290993273
2016-05-20,98093.0481900841
2016-05-23,98007.12810036242
2016-05-24,98381.79330052456
2016-05-25,98325.74635911608
2016-05-26,98464.25344778108
2016-05-27,99032.62755895662
2016-05-31,98930.85481382417
2016-06-01,98805.55985189485
2016-06-02,98500.65198923158
2016-06-03,98006.5232088666
2016-06-06,98754.45362974214
2016-06-07,98760.29103876161
2016-06-08,98727.52004838991
2016-06-09,98685.3251373868
2016-06-10,98053.82899213838
2016-06-13,98026.53842664766
2016-06-14,97651.98860670137
2016-06-15,98004.12592246197
2016-06-16,98596.14578559063
2016-06-17,99511.08619620465
2016-06-20,99224.04561450146
2016-06-21,99522.71337087409
2016-06-22,99522.71337087409
2016-06-23,99522.71337087409
2016-06-24,99522.71337087409
2016-06-27,99522.71337087409
2016-06-28,99522.71337087409
2016-06-29,99522.71337087409
2016-06-30,99522.71337087409
2016-07-01,99522.71337087409
2016-07-05,99522.71337087409
2016-07-06,99522.71337087409
2016-07-07,99522.71337087409
2016-07-08,99522.71337087409
2016-07-11,99857.10550143512
2016-07-12,100090.16816880496
2016-07-13,100084.19480778964
2016-07-14,100245.53941037448
2016-07-15,100060.29120495112
2016-07-18,100140.96205498965
2016-07-19,100305.29769184382
2016-07-20,100514.45820762904
2016-07-21,100215.66389777453
2016-07-22,100648.91397812159
2016-07-25,100950.69351722987
2016-07-26,101234.55587579997
2016-07-27,101064.23526789935
2016-07-28,101401.78407994704
2016-07-29,101547.04772702651
2016-08-01,101822.76868845173
2016-08-02,101070.78440619656
2016-08-03,100928.49535680958
2016-08-04,101764.05147243687
2016-08-05,102517.52425671765
2016-08-08,102689.56105638691
2016-08-09,102623.94327986095
2016-08-10,102548.47709715221
2016-08-11,102711.25307905528
2016-08-12,103834.32377338487
2016-08-15,103633.11471235829
2016-08-16,103176.93405628281
2016-08-17,102928.71526742059
2016-08-18,103166.03320038396
2016-08-19,102964.72358167249
2016-08-22,103220.53520810681
2016-08-23,103538.99359774667
2016-08-24,102801.64996028024
2016-08-25,102753.2406672247
2016-08-26,103384.3555654295
2016-08-29,103719.2268619545
2016-08-30,103320.23392868119
2016-08-31,103291.87813079434
2016-09-01,103775.84960408024
2016-09-02,103659.68771329829
2016-09-06,103921.11735428894
2016-09-07,103557.70038350615
2016-09-08,103568.72598238978
2016-09-09,101491.00716014895
2016-09-12,102746.88153525385
2016-09-13,100784.21525544184
2016-09-14,100784.21525544184
2016-09-15,100784.21525544184
2016-09-16,100784.21525544184
2016-09-19,100784.21525544184
2016-09-20,100784.21525544184
2016-09-21,100784.21525544184
2016-09-22,100784.21525544184
2016-09-23,100784.21525544184
2016-09-26,100784.21525544184
2016-09-27,100784.21525544184
2016-09-28,100784.21525544184
2016-09-29,100784.21525544184
2016-09-30,100784.21525544184
2016-10-03,100784.21525544184
2016-10-04,100784.21525544184
2016-10-05,100784.21525544184
2016-10-06,100784.21525544184
2016-10-07,100784.21525544184
2016-10-10,100784.21525544184
2016-10-11,100784.21525544184
2016-10-12,100784.21525544184
2016-10-13,100784.21525544184
2016-10-14,100784.21525544184
2016-10-17,100784.21525544184
2016-10-18,100784.21525544184
2016-10-19,100784.21525544184
2016-10-20,100784.21525544184
2016-10-21,100784.21525544184
2016-10-24,100784.21525544184
2016-10-25,101152.84617361613
2016-10-26,100730.38818678446
2016-10-27,100326.26779207774
2016-10-28,100455.633317725
2016-10-31,100489.0535514515
2016-11-01,100333.09370018655
2016-11-02,99965.47378517801
2016-11-03,99898.633317725
2016-11-04,99742.67346646005
2016-11-07,100188.27357269937
2016-11-08,100232.83353020364
2016-11-09,100165.99359394723
2016-11-10,99453.03374268228
2016-11-11,99484.65038181165
2016-11-14,99484.65038181165
2016-11-15,99484.65038181165
2016-11-16,99484.65038181165
2016-11-17,99484.65038181165
2016-11-18,99484.65038181165
2016-11-21,99484.65038181165
2016-11-22,99484.65038181165
2016-11-23,99484.65038181165
2016-11-25,99484.65038181165
2016-11-28,99484.65038181165
2016-11-29,99484.65038181165
2016-11-30,99484.65038181165
2016-12-01,99484.65038181165
2016-12-02,99484.65038181165
2016-12-05,99484.65038181165
2016-12-06,99484.65038181165
2016-12-07,99484.65038181165
2016-12-08,99484.65038181165
2016-12-09,99503.60188375154
2016-12-12,99293.8640907828
2016-12-13,99187.26797352714
2016-12-14,98834.7491818869
2016-12-15,99398.34743250154
2016-12-16,99309.9547306373
2016-12-19,100188.80097378038
2016-12-20,101104.34041465067
2016-12-21,101015.81202114366
2016-12-22,101077.06734216951
2016-12-23,101350.14585245393
2016-12-27,102595.440159209
2016-12-28,101080.37574613832
2016-12-29,101968.40115538056
2016-12-30,101475.37741270478
2017-01-03,101774.78320112641
2017-01-04,102029.96877669304
2017-01-05,101477.251684179
2017-01-06,101634.4611701867
2017-01-09,101579.17178153008
2017-01-10,101781.60059069603
2017-01-11,101975.24671458214
2017-01-12,101129.60978888482
2017-01-13,100749.56308973648
2017-01-17,99959.33880079605
2017-01-18,100069.46133241578
2017-01-19,99971.67676935121
2017-01-20,100146.5280610077
2017-01-23,100140.14272231833
2017-01-24,100121.83218688742
2017-01-25,100439.81742973105
2017-01-26,100449.80562133566
2017-01-27,100451.47146911398
2017-01-30,100179.73790237441
2017-01-31,99986.63492271438
2017-02-01,100892.08741828933
2017-02-02,100690.46412155475
2017-02-03,99978.94124244322
2017-02-06,100253.075808317
2017-02-07,100219.89770773106
2017-02-08,100507.75042820408
2017-02-09,100261.19012141658
2017-02-10,99974.77224445774
2017-02-13,99395.56750417186
2017-02-14,99752.81957332129
2017-02-15,99690.98839656348
2017-02-16,99751.31432429785
2017-02-17,99704.56115046973
2017-02-21,99733.2142266416
2017-02-22,100095.17211238379
2017-02-23,99980.55748836035
2017-02-24,99992.62035457129
2017-02-27,100065.41334370624
2017-02-28,99903.3465712453
2017-03-01,100454.76527241718
2017-03-02,100050.90941970467
2017-03-03,100187.80422561287
2017-03-06,100108.92408340095
2017-03-07,100017.36687820076
2017-03-08,100122.70577590584
2017-03-09,100541.8115803492
2017-03-10,100716.38865523707
2017-03-13,100901.37033158353
2017-03-14,100710.80612259916
2017-03-15,101398.91219407132
2017-03-16,101291.61728745511
2017-03-17,101229.47565537503
2017-03-20,100989.57054215482
2017-03-21,100044.36670762113
2017-03-22,100167.34356766751
2017-03-23,100113.87313157132
2017-03-24,100146.6503685098
2017-03-27,100156.54047471097
2017-03-28,100212.91597371426
2017-03-29,100223.78257918633
2017-03-30,100150.50312209404
2017-03-31,100049.90422988213
2017-04-03,100181.6458442104
2017-04-04,99923.31629632832
2017-04-05,99799.12845300557
2017-04-06,98901.3415021572
2017-04-07,98774.06788806137
2017-04-10,99044.25732592758
2017-04-11,98724.86921862778
2017-04-12,98344.0089728596
2017-04-13,98132.91727898143
2017-04-17,98375.41656797308
2017-04-18,98355.26046888414
2017-04-19,98355.26046888414
2017-04-20,98355.26046888414
2017-04-21,98355.26046888414
2017-04-24,98355.26046888414
2017-04-25,98485.01195302742
2017-04-26,98396.75019613045
2017-04-27,98477.5764442994
2017-04-28,98300.58401504593
2017-05-01,98593.79327407913
2017-05-02,99130.21130386429
2017-05-03,98911.97130600052
2017-05-04,98971.22935501175
2017-05-05,98842.34080520706
2017-05-08,98638.83423629837
2017-05-09,98651.41983810501
2017-05-10,98823.8138200386
2017-05-11,98524.35604110794
2017-05-12,98736.89740768509
2017-05-15,99040.13002792434
2017-05-16,99470.73203292923
2017-05-17,98359.32161727981
2017-05-18,98321.69638076858
2017-05-19,98706.36435714798
2017-05-22,99345.46098342972
2017-05-23,99631.62184158401
2017-05-24,100046.71685043411
2017-05-25,100549.78079238968
2017-05-26,100521.0862809761
2017-05-30,100666.77572647171
2017-05-31,100832.70745403595
2017-06-01,100920.1514390213
2017-06-02,101222.83883220977
2017-06-05,101274.21256842771
2017-06-06,101106.57864203611
2017-06-07,101248.68578925291
2017-06-08,101252.70511450926
2017-06-09,99059.24462490565
2017-06-12,99352.08607480982
2017-06-13,99362.31894462171
2017-06-14,99474.86689536634
2017-06-15,99515.3832833058
2017-06-16,99711.97607200209
2017-06-19,99669.96166770521
2017-06-20,99692.47125785414
2017-06-21,99796.0223671681
2017-06-22,99967.09641807142
2017-06-23,99913.5004562461
2017-06-26,99855.62054673072
2017-06-27,99320.79303208228
2017-06-28,99058.40137520667
2017-06-29,98570.72964325782
2017-06-30,98644.02278049616
2017-07-03,98735.56935794977
2017-07-05,98846.62366398005
2017-07-06,98678.53981693415
2017-07-07,98681.5387640777
2017-07-10,98532.97721775202
2017-07-11,98484.95034702448
2017-07-12,98635.02448185114
2017-07-13,98452.04365111847
2017-07-14,98832.66293670196
2017-07-17,98721.44519378204
2017-07-18,99174.8100619461
2017-07-19,99100.97510004221
2017-07-20,99250.72744989573
2017-07-21,99153.53356490216
2017-07-24,98981.11632857403
2017-07-25,99088.73427901349
2017-07-26,99170.54162154278
2017-07-27,98234.23668844893
2017-07-28,98487.29651725283
2017-07-31,97726.9455612897
2017-08-01,97942.76950728885
2017-08-02,97602.68449676028
2017-08-03,97593.92307554759
2017-08-04,97758.01784788645
2017-08-07,98350.37874876536
2017-08-08,98136.13611876048
2017-08-09,98343.66562199629
2017-08-10,96820.89785695112
2017-08-11,96616.69536137617
2017-08-14,97991.41961979902
2017-08-15,98146.5919525627
2017-08-16,97837.44893956221
2017-08-17,96756.00284442707
2017-08-18,96919.80668887898
2017-08-21,97143.00638446613
2017-08-22,97818.27213153645
2017-08-23,97494.08211765095
2017-08-24,97266.82094821736
2017-08-25,97251.09249362751
2017-08-28,97627.39024219319
2017-08-29,97863.96267566486
2017-08-30,98030.62420139118
2017-08-31,98391.3638483028
2017-09-01,98266.37463997482
2017-09-05,97809.95110176681
2017-09-06,97765.88490913986
2017-09-07,98246.1517357695
2017-09-08,97776.39926384567
2017-09-11,98901.32875679611
2017-09-12,98711.53833626388
2017-09-13,98639.07144402145
2017-09-14,98550.88390251409
2017-09-15,98486.68039604436
2017-09-18,98881.92804320488
2017-09-19,99265.31190903817
2017-09-20,98985.38730509911
2017-09-21,98101.7026255909
2017-09-22,97981.87448214019
2017-09-25,97074.89809750045
2017-09-26,97018.48692967574
2017-09-27,97533.35312132657
2017-09-28,97590.87538389981
2017-09-29,97800.77109007657
2017-10-02,98076.12663512051
2017-10-03,98028.29223875821
2017-10-04,98077.06703429043
2017-10-05,98468.57777647793
2017-10-06,98394.34409026218
2017-10-09,98188.23451210569
2017-10-10,98391.36308266233
2017-10-11,98452.7115300929
2017-10-12,98272.83589685315
2017-10-13,98473.7025293147
2017-10-16,99103.52671945447
2017-10-17,98988.14689767713
2017-10-18,99145.46799981946
2017-10-19,99155.19832170362
2017-10-20,99464.00699937696
2017-10-23,99244.09979388144
2017-10-24,99764.8988241854
2017-10-25,99259.3924374285
2017-10-26,99629.3610167208
2017-10-27,101502.36542460349
2017-10-30,101621.59574741583
2017-10-31,101795.67485565406
2017-11-01,101883.54646040934
2017-11-02,101402.60799434922
2017-11-03,101711.38851288102
2017-11-06,101555.31926086282
2017-11-07,101306.1767018113
2017-11-08,100869.54055049752
2017-11-09,100436.34007508642
2017-11-10,101270.72960145361
2017-11-13,101031.5581985224
2017-11-14,101181.64372212774
2017-11-15,100944.98233781621
2017-11-16,101217.6000898914
2017-11-17,101039.03556047246
2017-11-20,101112.64774308965
2017-11-21,101514.7654188709
2017-11-22,101343.01747880742
2017-11-24,101546.12522111699
2017-11-27,101577.48065934941
2017-11-28,101500.2157894365
2017-11-29,99665.31095087448
2017-11-30,99543.01253605846
2017-12-01,99543.01253605846
2017-12-04,99543.01253605846
2017-12-05,99543.01253605846
2017-12-06,99543.01253605846
2017-12-07,99543.01253605846
2017-12-08,99543.01253605846
2017-12-11,99543.01253605846
2017-12-12,99543.01253605846
2017-12-13,99543.01253605846
2017-12-14,99543.01253605846
2017-12-15,99543.01253605846
2017-12-18,99543.01253605846
2017-12-19,99543.01253605846
2017-12-20,99543.01253605846
2017-12-21,99543.01253605846
2017-12-22,99543.01253605846
2017-12-26,99543.01253605846
2017-12-27,99543.01253605846
2017-12-28,99543.01253605846
2017-12-29,99543.01253605846
2018-01-02,99543.01253605846
2018-01-03,99543.01253605846
2018-01-04,99848.36687778287
2018-01-05,100689.21240646177
2018-01-08,101467.8531153851
2018-01-09,101589.83656722837
2018-01-10,101774.97139770322
2018-01-11,102394.32921077432
2018-01-12,103312.64044429483
2018-01-16,103007.10211544632
2018-01-17,103850.81973629593
2018-01-18,103974.88994198441
2018-01-19,104604.77130871415
2018-01-22,105504.18013703878
2018-01-23,106081.16020143087
2018-01-24,106052.67563188131
2018-01-25,106300.42274034079
2018-01-26,107204.55831086691
2018-01-29,107248.53489625509
2018-01-30,106400.41107499655
2018-01-31,106800.26502168234
2018-02-01,106964.10239958561
2018-02-02,104340.53724455631
2018-02-05,102922.70981023823
2018-02-06,103314.99181429457
2018-02-07,103314.99181429457
2018-02-08,103314.99181429457
2018-02-09,103314.99181429457
2018-02-12,103314.99181429457
2018-02-13,103314.99181429457
2018-02-14,103314.99181429457
2018-02-15,103314.99181429457
2018-02-16,103314.99181429457
2018-02-20,103314.99181429457
2018-02-21,103314.99181429457
2018-02-22,103314.99181429457
2018-02-23,103314.99181429457
2018-02-26,103314.99181429457
2018-02-27,103314.99181429457
2018-02-28,103314.99181429457
2018-03-01,103314.99181429457
2018-03-02,103314.99181429457
2018-03-05,103314.99181429457
2018-03-06,103314.99181429457
2018-03-07,103314.99181429457
2018-03-08,103314.99181429457
2018-03-09,103314.99181429457
2018-03-12,103339.96277737235
2018-03-13,102489.785706937
2018-03-14,102519.90799087254
2018-03-15,102607.51538985936
2018-03-16,102442.85175842015
2018-03-19,101606.68755096165
2018-03-20,101713.84541123014
2018-03-21,101713.84541123014
2018-03-22,101713.84541123014
2018-03-23,101713.84541123014
2018-03-26,101713.84541123014
2018-03-27,101713.84541123014
2018-03-28,101713.84541123014
2018-03-29,101713.84541123014
2018-04-02,101713.84541123014
2018-04-03,101713.84541123014
2018-04-04,101713.84541123014
2018-04-05,101713.84541123014
2018-04-06,101713.84541123014
2018-04-09,101713.84541123014
2018-04-10,101713.84541123014
2018-04-11,101713.84541123014
2018-04-12,101713.84541123014
2018-04-13,101713.84541123014
2018-04-16,101713.84541123014
2018-04-17,101713.84541123014
2018-04-18,101713.84541123014
2018-04-19,101713.84541123014
2018-04-20,101713.84541123014
2018-04-23,101713.84541123014
2018-04-24,101713.84541123014
2018-04-25,101713.84541123014
2018-04-26,101713.84541123014
2018-04-27,101713.84541123014
2018-04-30,101713.84541123014
2018-05-01,101713.84541123014
2018-05-02,101713.84541123014
2018-05-03,101713.84541123014
2018-05-04,101713.84541123014
2018-05-07,101713.84541123014
2018-05-08,101713.84541123014
2018-05-09,101713.84541123014
2018-05-10,101913.25628704634
2018-05-11,101640.49678845015
2018-05-14,101680.92455477324
2018-05-15,101203.59543222991
2018-05-16,101225.50918001738
2018-05-17,101308.315730997
2018-05-18,101222.10381741133
2018-05-21,101139.29914421645
2018-05-22,101064.29197210875
2018-05-23,101307.48950571624
2018-05-24,101314.80066055861
2018-05-25,101392.29120297042
2018-05-29,101358.66383404341
2018-05-30,101573.10872788039
2018-05-31,101254.56088192007
2018-06-01,102496.90943727177
2018-06-04,103307.3357721297
2018-06-05,103407.77688655537
2018-06-06,104166.72451362293
2018-06-07,102874.88565263432
2018-06-08,103343.50897893589
2018-06-11,102694.17225827365
2018-06-12,102973.63218440204
2018-06-13,102884.7178095737
2018-06-14,103618.16133256964
2018-06-15,103479.05717641817
2018-06-18,104345.95731145845
2018-06-19,103917.7423170279
2018-06-20,104589.03827840791
2018-06-21,103571.38232404695
2018-06-22,103584.30900651918
2018-06-25,101753.36013681398
2018-06-26,102349.79013321646
2018-06-27,101690.2218653942
2018-06-28,101792.74664566763
2018-06-29,101578.33459732779
2018-07-02,102037.06228897818
2018-07-03,101630.9782740856
2018-07-05,102464.68103287467
2018-07-06,102946.8215025694
2018-07-09,102925.45220404855
2018-07-10,102925.45220404855
2018-07-11,102925.45220404855
2018-07-12,102925.45220404855
2018-07-13,102925.45220404855
2018-07-16,102925.45220404855
2018-07-17,102925.45220404855
2018-07-18,102925.45220404855
2018-07-19,102925.45220404855
2018-07-20,102925.45220404855
2018-07-23,102925.45220404855
2018-07-24,102925.45220404855
2018-07-25,103352.20969960261
2018-07-26,102648.47687053087
2018-07-27,101924.34271384387
2018-07-30,101344.30516219247
2018-07-31,101824.80921380494
2018-08-01,101718.35328118775
2018-08-02,101625.20863549683
2018-08-03,101820.37426583741
2018-08-06,101833.68340508912
2018-08-07,101767.14844720338
2018-08-08,101611.90164391969
2018-08-09,101700.61134164307
2018-08-10,101580.85486047242
2018-08-13,101469.9639798877
2018-08-14,101496.577963042
2018-08-15,101400.69897251409
2018-08-16,101349.66588096898
2018-08-17,100647.6244266538
2018-08-20,101420.99009880888
2018-08-21,100966.48047432768
2018-08-22,100727.41453728544
2018-08-23,100700.01216683256
2018-08-24,101556.4512521656
2018-08-27,102148.48830241279
2018-08-28,102766.3410875021
2018-08-29,103086.65909211026
2018-08-30,102914.41550867885
2018-08-31,103269.19324086342
2018-09-04,103593.97885487709
2018-09-05,102598.71178792152
2018-09-06,102286.94401906166
2018-09-07,101750.3954780187
2018-09-10,101586.11637950796
2018-09-11,101969.73271110002
2018-09-12,102249.05770041887
2018-09-13,102477.50091483537
2018-09-14,102558.84847978712
2018-09-17,102033.6416163838
2018-09-18,102854.16241411329
2018-09-19,102364.47201494337
2018-09-20,103487.48603014112
2018-09-21,103909.33097032667
2018-09-24,103438.05447343946
2018-09-25,103515.30862312915
2018-09-26,103399.73885231616
2018-09-27,103587.67438393238
2018-09-28,103618.39401894214
2018-10-01,104050.2586200774
2018-10-02,103678.28505592945
2018-10-03,103732.20114405871
2018-10-04,102645.97272761584
2018-10-05,102278.38933833361
2018-10-08,101903.1370586608
2018-10-09,101649.51878752754
2018-10-10,101649.51878752754
2018-10-11,101649.51878752754
2018-10-12,101649.51878752754
2018-10-15,101649.51878752754
2018-10-16,101649.51878752754
2018-10-17,101649.51878752754
2018-10-18,101649.51878752754
2018-10-19,101649.51878752754
2018-10-22,101649.51878752754
2018-10-23,101649.51878752754
2018-10-24,101649.51878752754
2018-10-25,101649.51878752754
2018-10-26,101649.51878752754
2018-10-29,101649.51878752754
2018-10-30,101649.51878752754
2018-10-31,101649.51878752754
2018-11-01,101649.51878752754
2018-11-02,101649.51878752754
2018-11-05,101649.51878752754
2018-11-06,101649.51878752754
2018-11-07,101649.51878752754
2018-11-08,101649.51878752754
2018-11-09,101649.51878752754
2018-11-12,101649.51878752754
2018-11-13,101649.51878752754
2018-11-14,101649.51878752754
2018-11-15,101649.51878752754
2018-11-16,101649.51878752754
2018-11-19,101649.51878752754
2018-11-20,101649.51878752754
2018-11-21,101649.51878752754
2018-11-23,101649.51878752754
2018-11-26,101649.51878752754
2018-11-27,101649.51878752754
2018-11-28,101649.51878752754
2018-11-29,101649.51878752754
2018-11-30,101649.51878752754
2018-12-03,101373.83596771496
2018-12-04,101371.68569916027
2018-12-06,101423.1989132716
2018-12-07,101022.35180145738
2018-12-10,101022.35180145738
2018-12-11,101022.35180145738
2018-12-12,101022.35180145738
2018-12-13,101022.35180145738
2018-12-14,101022.35180145738
2018-12-17,101022.35180145738
2018-12-18,101022.35180145738
2018-12-19,101022.35180145738
2018-12-20,101022.35180145738
2018-12-21,101022.35180145738
2018-12-24,101022.35180145738
2018-12-26,101022.35180145738
2018-12-27,101022.35180145738
2018-12-28,101022.35180145738
2018-12-31,101022.35180145738
2019-01-02,101022.35180145738
2019-01-03,101022.35180145738
2019-01-04,101022.35180145738
2019-01-07,101022.35180145738
2019-01-08,101022.35180145738
2019-01-09,101022.35180145738
2019-01-10,101022.35180145738
2019-01-11,101022.35180145738
2019-01-14,101022.35180145738
2019-01-15,101022.35180145738
2019-01-16,101022.35180145738
2019-01-17,101022.35180145738
2019-01-18,101022.35180145738
2019-01-22,101022.35180145738
2019-01-23,101022.35180145738
2019-01-24,101022.35180145738
2019-01-25,101022.35180145738
2019-01-28,101022.35180145738
2019-01-29,101022.35180145738
2019-01-30,101022.35180145738
2019-01-31,101022.35180145738
2019-02-01,101022.35180145738
2019-02-04,101091.71126907958
2019-02-05,101162.85222977294
2019-02-06,101120.91723221434
2019-02-07,101021.31417435301
2019-02-08,101216.77120560301
2019-02-11,101255.71050614012
2019-02-12,101391.25597733153
2019-02-13,101513.32140701903
2019-02-14,101458.65380447997
2019-02-15,101630.89626663817
2019-02-19,101517.0633503784
2019-02-20,101556.00860184325
2019-02-21,101421.21175736083
2019-02-22,101721.50747269286
2019-02-25,101721.50747269286
2019-02-26,101772.4295613159
2019-02-27,101815.11556595458
2019-02-28,101934.01264471641
2019-03-01,102306.09710211387
2019-03-04,102025.75350470176
2019-03-05,102019.12536139121
2019-03-06,101868.74422735801
2019-03-07,101579.19028753867
2019-03-08,101610.54674810996
2019-03-11,102351.19832892051
2019-03-12,102603.15850503674
2019-03-13,102875.02439841419
2019-03-14,102963.24368318502
2019-03-15,103527.55065568868
2019-03-18,103778.06843980734
2019-03-19,104048.96057542745
2019-03-20,104401.83256181661
2019-03-21,105664.91498216573
2019-03-22,103762.58192094747
2019-03-25,103652.33659395162
2019-03-26,103978.10443910543
2019-03-27,103287.10927614156
2019-03-28,103327.47944292013
2019-03-29,103955.53488573019
2019-04-01,104952.356712665
2019-04-02,105247.06837114278
2019-04-03,105693.91004976217
2019-04-04,105714.0417359845
2019-04-05,105749.14673171204
2019-04-08,105617.560082771
2019-04-09,104930.3862508313
2019-04-10,105456.3856938855
2019-04-11,105472.09892211121
2019-04-12,105920.3132871167
2019-04-15,105846.22365317505
2019-04-16,106175.9290627963
2019-04-17,106108.29124044435
2019-04-18,106185.37195353731
2019-04-22,106331.86346965059
2019-04-23,105696.25928073152
2019-04-24,105391.65564387885
2019-04-25,106374.95613653256
2019-04-26,106862.28979856565
2019-04-29,107083.89192945554
2019-04-30,107385.86047727658
2019-05-01,106456.24595243527
2019-05-02,106605.86563283994
2019-05-03,107399.93626943465
2019-05-06,106840.89273992415
2019-05-07,105746.84446621768
2019-05-08,105685.22855282656
2019-05-09,105387.67452908389
2019-05-10,105244.00322628848
2019-05-13,104723.50389354794
2019-05-14,104723.50389354794
2019-05-15,104723.50389354794
2019-05-16,104723.50389354794
2019-05-17,104723.50389354794
2019-05-20,104723.50389354794
2019-05-21,104723.50389354794
2019-05-22,104723.50389354794
2019-05-23,104723.50389354794
2019-05-24,104723.50389354794
2019-05-28,104723.50389354794
2019-05-29,104723.50389354794
2019-05-30,104723.50389354794
2019-05-31,104723.50389354794
2019-06-03,104723.50389354794
2019-06-04,104723.50389354794
2019-06-05,104723.50389354794
2019-06-06,104723.50389354794
2019-06-07,104723.50389354794
2019-06-10,104723.50389354794
2019-06-11,104723.50389354794
2019-06-12,104723.50389354794
2019-06-13,104723.50389354794
2019-06-14,104723.50389354794
2019-06-17,104723.50389354794
2019-06-18,104723.50389354794
2019-06-19,104723.50389354794
2019-06-20,104723.50389354794
2019-06-21,104723.50389354794
2019-06-24,104723.50389354794
2019-06-25,104723.50389354794
2019-06-26,104723.50389354794
2019-06-27,104723.50389354794
2019-06-28,104723.50389354794
2019-07-01,104723.50389354794
2019-07-02,104723.50389354794
2019-07-03,104723.50389354794
2019-07-05,104723.50389354794
2019-07-08,104723.50389354794
2019-07-09,104723.50389354794
2019-07-10,105008.27604982497
2019-07-11,104684.64817827506
2019-07-12,105113.9655000524
2019-07-15,105133.13206499381
2019-07-16,104826.62867963858
2019-07-17,104376.82361066886
2019-07-18,103945.37318647452
2019-07-19,103431.97635114737
2019-07-22,104116.06013715811
2019-07-23,104559.18344203444
2019-07-24,105012.2768181941
2019-07-25,104069.8299798152
2019-07-26,103845.23751918288
2019-07-29,103272.57088024606
2019-07-30,103165.35586483468
2019-07-31,101782.25833473494
2019-08-01,101934.80063369531
2019-08-02,101864.45691710342
2019-08-05,101864.45691710342
2019-08-06,101864.45691710342
2019-08-07,101864.45691710342
2019-08-08,101864.45691710342
2019-08-09,101864.45691710342
2019-08-12,101864.45691710342
2019-08-13,101864.45691710342
2019-08-14,101864.45691710342
2019-08-15,101864.45691710342
2019-08-16,101864.45691710342
2019-08-19,101864.45691710342
2019-08-20,101864.45691710342
2019-08-21,101864.45691710342
2019-08-22,101864.45691710342
2019-08-23,101864.45691710342
2019-08-26,101864.45691710342
2019-08-27,101864.45691710342
2019-08-28,101864.45691710342
2019-08-29,101864.45691710342
2019-08-30,101864.45691710342
2019-09-03,101864.45691710342
2019-09-04,101864.45691710342
2019-09-05,101864.45691710342
2019-09-06,101864.45691710342
2019-09-09,101864.45691710342
2019-09-10,101864.45691710342
2019-09-11,101864.45691710342
2019-09-12,101864.45691710342
2019-09-13,101864.45691710342
2019-09-16,101667.21958553058
2019-09-17,101569.44887172442
2019-09-18,101766.64974605304
2019-09-19,101703.67427455646
2019-09-20,101624.13470088702
2019-09-23,101620.81732570392
2019-09-24,101363.9674645589
2019-09-25,101474.99249660235
2019-09-26,101314.24631129962
2019-09-27,101428.5917550252
2019-09-30,101423.62404262286
2019-10-01,101068.99739467364
2019-10-02,101071.5808529967
2019-10-03,101071.5808529967
2019-10-04,101071.5808529967
2019-10-07,101057.24361862932
2019-10-08,100841.80165161882
2019-10-09,101054.81135239397
2019-10-10,101302.64796891008
2019-10-11,101798.32248749529
2019-10-14,101794.50637747068
2019-10-15,102409.45790077467
2019-10-16,102123.28454949675
2019-10-17,102310.32631089506
2019-10-18,102181.00594308195
2019-10-21,103364.92259671507
2019-10-22,103493.40748574553
2019-10-23,103772.53804423628
2019-10-24,103909.06382968245
2019-10-25,104827.92591740904
2019-10-28,105256.13858105955
2019-10-29,104034.27383039152
2019-10-30,103925.04482457793
2019-10-31,104076.24993846571
2019-11-01,105390.37241090923
2019-11-04,106525.38151049943
2019-11-05,106459.19979787202
2019-11-06,106277.54673695893
2019-11-07,106567.09820390076
2019-11-08,106606.74607481156
2019-11-11,106392.42921556626
2019-11-12,106495.9790297905
2019-11-13,106598.82630838547
2019-11-14,107217.16226352844
2019-11-15,107465.92735590134
2019-11-18,107892.14996999314
2019-11-19,108288.0745572429
2019-11-20,107497.69110814488
2019-11-21,107513.05243626988
2019-11-22,107499.65991918003
2019-11-25,107794.44879857457
2019-11-26,107523.72476660574
2019-11-27,108068.14127623403
2019-11-29,107658.18391358221
2019-12-02,106494.74467169607
2019-12-03,106413.13025110573
2019-12-04,106941.47101038307
2019-12-05,107166.4468643746
2019-12-06,107918.04871679159
2019-12-09,107983.70566869588
2019-12-10,107868.88074804159
2019-12-11,108179.17254186483
2019-12-12,107920.52091527791
2019-12-13,107544.20653844686
2019-12-16,108477.39873108042
2019-12-17,108948.76396545542
2019-12-18,109306.60669311656
2019-12-19,110120.75793823374
2019-12-20,110240.78871521128
2019-12-23,110686.63261779917
2019-12-24,110570.99177917613
2019-12-26,111271.72137817515
2019-12-27,111120.16344567991
2019-12-30,111129.71221276975
2019-12-31,111413.87937280393
2020-01-02,111967.12838098264
2020-01-03,111232.08433369835
2020-01-06,111531.96949605187
2020-01-07,111488.08108543664
2020-01-08,111971.85600222176
2020-01-09,112733.13721469342
2020-01-10,112922.72984317242
2020-01-13,113632.94596078308
2020-01-14,113057.78066995056
2020-01-15,113468.88319375427
2020-01-16,114304.64913155945
2020-01-17,115479.38136341877
2020-01-21,115423.20782139606
2020-01-22,115803.3318028719
2020-01-23,116027.40801289387
2020-01-24,115015.94587757892
2020-01-27,113072.78842594929
2020-01-28,114029.88034568791
2020-01-29,113125.40860877995
2020-01-30,113355.24132680465
2020-01-31,112366.34427785446
2020-02-03,113336.95813893844
2020-02-04,114199.20786428024
2020-02-05,114366.98016917672
2020-02-06,114570.1227778193
2020-02-07,114468.0339106318
2020-02-10,114444.40518528761
2020-02-11,114444.40518528761
2020-02-12,114444.40518528761
2020-02-13,114444.40518528761
2020-02-14,114444.40518528761
2020-02-18,114444.40518528761
2020-02-19,114444.40518528761
2020-02-20,114444.40518528761
2020-02-21,114444.40518528761
2020-02-24,114444.40518528761
2020-02-25,114444.40518528761
2020-02-26,114444.40518528761
2020-02-27,114444.40518528761
2020-02-28,114444.40518528761
2020-03-02,114444.40518528761
2020-03-03,114444.40518528761
2020-03-04,114444.40518528761
2020-03-05,114444.40518528761
2020-03-06,114444.40518528761
2020-03-09,114444.40518528761
2020-03-10,114444.40518528761
2020-03-11,114444.40518528761
2020-03-12,114444.40518528761
2020-03-13,114444.40518528761
2020-03-16,114444.40518528761
2020-03-17,114444.40518528761
2020-03-18,114444.40518528761
2020-03-19,114444.40518528761
2020-03-20,114444.40518528761
2020-03-23,114444.40518528761
2020-03-24,114444.40518528761
2020-03-25,114444.40518528761
2020-03-26,114444.40518528761
2020-03-27,114444.40518528761
2020-03-30,114444.40518528761
2020-03-31,114444.40518528761
2020-04-01,114444.40518528761
2020-04-02,114444.40518528761
2020-04-03,114444.40518528761
2020-04-06,114444.40518528761
2020-04-07,114444.40518528761
2020-04-08,114444.40518528761
2020-04-09,114444.40518528761
2020-04-13,114444.40518528761
2020-04-14,114444.40518528761
2020-04-15,114566.92784858674
2020-04-16,115124.75806404084
2020-04-17,114940.55355049104
2020-04-20,115043.83863044709
2020-04-21,114680.36935401887
2020-04-22,114876.67299629182
2020-04-23,115076.25145698518
2020-04-24,115136.0247266385
2020-04-27,114946.10388923615
2020-04-28,114602.44781471223
2020-04-29,114927.84383369416
2020-04-30,115490.00321174592
2020-05-01,114126.37927564194
2020-05-04,114576.52789624741
2020-05-05,114714.24092420151
2020-05-06,115018.30437024643
2020-05-07,115179.52614911606
2020-05-08,115317.93963941147
2020-05-11,115618.0343201976
2020-05-12,115047.88757642319
2020-05-13,114925.24859174302
2020-05-14,115093.27277692368
2020-05-15,115384.31477674058
2020-05-18,115895.92258524496
2020-05-19,116005.72028040487
2020-05-20,117152.49642281471
2020-05-21,116855.45606903969
2020-05-22,117381.10585980355
2020-05-26,116711.67078785835
2020-05-27,116142.15063111263
2020-05-28,115949.73396031337
2020-05-29,116460.54628674465
2020-06-01,116789.97259442287
2020-06-02,117094.61876980739
2020-06-03,117047.6683513351
2020-06-04,116405.70095459896
2020-06-05,117599.50654332119
2020-06-08,117424.02858790802
2020-06-09,118208.99203452514
2020-06-10,119047.32839683522
2020-06-11,115675.31324962605
2020-06-12,116543.75678256978
2020-06-15,117296.30323413838
2020-06-16,118206.49370483388
2020-06-17,118342.5675363921
2020-06-18,118400.5634708785
2020-06-19,118155.29119781483
2020-06-22,119377.36966327656
2020-06-23,120104.5015531213
2020-06-24,118672.15191322872
2020-06-25,119108.13284206827
2020-06-26,118082.15356350382
2020-06-29,118712.67263699014
2020-06-30,119007.55122280557
2020-07-01,118954.51877841742
2020-07-02,119008.15057293627
2020-07-06,120604.67440716478
2020-07-07,120186.60273663256
2020-07-08,121193.61456219408
2020-07-09,121914.11721722338
2020-07-10,122060.22854534838
2020-07-13,121366.05058209154
2020-07-14,123056.84619360667
2020-07-15,123056.84619360667
2020-07-16,123056.84619360667
2020-07-17,123056.84619360667
2020-07-20,123056.84619360667
2020-07-21,123056.84619360667
2020-07-22,123056.84619360667
2020-07-23,123056.84619360667
2020-07-24,123056.84619360667
2020-07-27,123056.84619360667
2020-07-28,123056.84619360667
2020-07-29,123114.84345989203
2020-07-30,123711.94439678168
2020-07-31,123654.3458707807
2020-08-03,123575.92181048117
2020-08-04,124204.8015128797
2020-08-05,124174.41510025915
2020-08-06,125122.28420054549
2020-08-07,125155.59512507552
2020-08-10,124595.13310992354
2020-08-11,123973.73943125838
2020-08-12,125329.0340517723
2020-08-13,125385.98869216078
2020-08-14,125447.08530604476
2020-08-17,126736.86239516371
2020-08-18,126944.99055373305
2020-08-19,126742.93675410384
2020-08-20,127616.64027678603
2020-08-21,128311.07180297011
2020-08-24,129210.92524325484
2020-08-25,130133.77354895705
2020-08-26,131545.88833510512
2020-08-27,131287.50494304532
2020-08-28,132699.55580535764
2020-08-31,132382.0641567256
2020-09-01,132712.22990510368
2020-09-02,132823.12089544
2020-09-03,128569.28141794086
2020-09-04,128021.49661428624
2020-09-08,127916.22809254918
2020-09-09,127916.22809254918
2020-09-10,127916.22809254918
2020-09-11,127916.22809254918
2020-09-14,127916.22809254918
2020-09-15,127916.22809254918
2020-09-16,127916.22809254918
2020-09-17,127916.22809254918
2020-09-18,127916.22809254918
2020-09-21,127916.22809254918
2020-09-22,127916.22809254918
2020-09-23,127916.22809254918
2020-09-24,127916.22809254918
2020-09-25,127916.22809254918
2020-09-28,127916.22809254918
2020-09-29,127916.22809254918
2020-09-30,127916.22809254918
2020-10-01,127916.22809254918
2020-10-02,127916.22809254918
2020-10-05,127916.22809254918
2020-10-06,127916.22809254918
2020-10-07,128095.6442496429
2020-10-08,127990.51871367793
2020-10-09,127926.72647925715
2020-10-12,128315.55453368525
2020-10-13,127948.57048073877
2020-10-14,127830.28434220422
2020-10-15,127671.09823075403
2020-10-16,127347.73236504663
2020-10-19,126742.02292290796
2020-10-20,126846.38807699781
2020-10-21,126745.0366117726
2020-10-22,126558.2098926316
2020-10-23,127121.24335134131
2020-10-26,126317.64329373938
2020-10-27,126875.47945058448
2020-10-28,125361.4853538285
2020-10-29,126425.93083989722
2020-10-30,125030.05562055213
2020-11-02,124992.52959974922
2020-11-03,124992.52959974922
2020-11-04,124992.52959974922
2020-11-05,124992.52959974922
2020-11-06,124992.52959974922
2020-11-09,124157.18042909767
2020-11-10,123396.95880663063
2020-11-11,124036.97302748499
2020-11-12,124036.97302748499
2020-11-13,124036.97302748499
2020-11-16,124036.97302748499
2020-11-17,124036.97302748499
2020-11-18,124036.97302748499
2020-11-19,124036.97302748499
2020-11-20,124036.97302748499
2020-11-23,124036.97302748499
2020-11-24,124036.97302748499
2020-11-25,124036.97302748499
2020-11-27,124036.97302748499
2020-11-30,124036.97302748499
2020-12-01,124036.97302748499
2020-12-02,124372.95830545275
2020-12-03,124318.95379648058
2020-12-04,124241.16022500841
2020-12-07,124382.51490030138
2020-12-08,124410.67581186144
2020-12-09,123675.4833451256
2020-12-10,123773.32616433947
2020-12-11,123732.31582650988
2020-12-14,123397.457672213
2020-12-15,124686.3894448693
2020-12-16,124482.98101454027
2020-12-17,124718.2090647722
2020-12-18,124020.31148939379
2020-12-21,123938.08834486254
2020-12-22,124452.90924405877
2020-12-23,124302.46910428826
2020-12-24,124467.6861300451
2020-12-28,125019.3600878698
2020-12-29,124136.0060229284
2020-12-30,124459.47135495965
2020-12-31,124245.38087231957
2021-01-04,123221.97019727074
2021-01-05,123657.40799481713
2021-01-06,123696.91605908715
2021-01-07,125623.15688855492
2021-01-08,125699.2700685598
2021-01-11,126031.8979982473
2021-01-12,126245.40489521995
2021-01-13,125336.96710066074
2021-01-14,125844.58496717685
2021-01-15,124617.77972938798
2021-01-19,125264.92101985528
2021-01-20,125012.36498958184
2021-01-21,124507.07850581719
2021-01-22,124947.15574580742
2021-01-25,125050.95617716968
2021-01-26,125439.6013756037
2021-01-27,125033.47268297675
2021-01-28,125233.41062548163
2021-01-29,124291.50690844061
2021-02-01,124324.49670000901
2021-02-02,124324.49670000901
2021-02-03,124324.49670000901
2021-02-04,124324.49670000901
2021-02-05,124324.49670000901
2021-02-08,124324.49670000901
2021-02-09,124324.49670000901
2021-02-10,124324.49670000901
2021-02-11,124324.49670000901
2021-02-12,124324.49670000901
2021-02-16,124324.49670000901
2021-02-17,124324.49670000901
2021-02-18,124324.49670000901
2021-02-19,124324.49670000901
2021-02-22,124324.49670000901
2021-02-23,124324.49670000901
2021-02-24,124727.42621219435
2021-02-25,124392.10406863966
2021-02-26,123745.65301883497
2021-03-01,124282.4862707881
2021-03-02,124203.4911536006
2021-03-03,124671.00433719435
2021-03-04,124292.15289676466
2021-03-05,124348.57757938185
2021-03-08,124671.00433719435
2021-03-09,124486.47253673601
2021-03-10,125243.27035778093
2021-03-11,125351.1062037282
2021-03-12,125502.91348522234
2021-03-15,125289.9647394948
2021-03-16,125104.51385753679
2021-03-17,125224.82516735124
2021-03-18,125448.72029369402
2021-03-19,123943.23158519792
2021-03-22,123398.1122042747
2021-03-23,123154.68337126689
2021-03-24,123239.41731492052
2021-03-25,123239.41731492052
2021-03-26,123239.41731492052
2021-03-29,123239.41731492052
2021-03-30,123239.41731492052
2021-03-31,123239.41731492052
2021-04-01,123239.41731492052
2021-04-05,123239.41731492052
2021-04-06,123137.15976484535
2021-04-07,123392.55888136146
2021-04-08,123490.3597389054
2021-04-09,123664.0012031388
2021-04-12,123440.51559217689
2021-04-13,123937.03675913908
2021-04-14,123465.07922053435
2021-04-15,124616.04139399626
2021-04-16,124391.02895808317
2021-04-19,123952.34607005217
2021-04-20,123687.58219218352
2021-04-21,123853.32764124968
2021-04-22,123157.98757187852
2021-04-23,124202.91733185777
2021-04-26,124518.11306015977
2021-04-27,124255.57877611027
2021-04-28,125401.70635866032
2021-04-29,126188.42203782902
2021-04-30,125183.76401399479
2021-05-03,124293.11298631535
2021-05-04,122979.83262513981
2021-05-05,122325.4585136216
2021-05-06,122746.95912397317
2021-05-07,122958.40631330422
2021-05-10,121778.19021070412
2021-05-11,121705.63066690526
2021-05-12,121182.04399698338
2021-05-13,121234.46457813823
2021-05-14,121234.46457813823
2021-05-17,121234.46457813823
2021-05-18,121234.46457813823
2021-05-19,121234.46457813823
2021-05-20,121234.46457813823
2021-05-21,121234.46457813823
2021-05-24,121234.46457813823
2021-05-25,121234.46457813823
2021-05-26,121234.46457813823
2021-05-27,121234.46457813823
2021-05-28,121234.46457813823
2021-06-01,121234.46457813823
2021-06-02,121234.46457813823
2021-06-03,121234.46457813823
2021-06-04,121234.46457813823
2021-06-07,121234.46457813823
2021-06-08,121234.46457813823
2021-06-09,121234.46457813823
2021-06-10,121234.46457813823
2021-06-11,121234.46457813823
2021-06-14,121234.46457813823
2021-06-15,121234.46457813823
2021-06-16,121234.46457813823
2021-06-17,121234.46457813823
2021-06-18,121234.46457813823
2021-06-21,121234.46457813823
2021-06-22,121234.46457813823
2021-06-23,121234.46457813823
2021-06-24,121234.46457813823
2021-06-25,121234.46457813823
2021-06-28,121234.46457813823
2021-06-29,121234.46457813823
2021-06-30,121234.46457813823
2021-07-01,121234.46457813823
2021-07-02,121234.46457813823
2021-07-06,121234.46457813823
2021-07-07,121234.46457813823
2021-07-08,121234.46457813823
2021-07-09,121234.46457813823
2021-07-12,121234.46457813823
2021-07-13,121234.46457813823
2021-07-14,121234.46457813823
2021-07-15,121234.46457813823
2021-07-16,121234.46457813823
2021-07-19,121234.46457813823
2021-07-20,121234.46457813823
2021-07-21,121234.46457813823
2021-07-22,121234.46457813823
2021-07-23,121234.46457813823
2021-07-26,121234.46457813823
2021-07-27,121234.46457813823
2021-07-28,121234.46457813823
2021-07-29,121234.46457813823
2021-07-30,121234.46457813823
2021-08-02,121234.46457813823
2021-08-03,121234.46457813823
2021-08-04,121234.46457813823
2021-08-05,121234.46457813823
2021-08-06,121234.46457813823
2021-08-09,121234.46457813823
2021-08-10,121234.46457813823
2021-08-11,121234.46457813823
2021-08-12,121234.46457813823
2021-08-13,121234.46457813823
2021-08-16,121234.46457813823
2021-08-17,121234.46457813823
2021-08-18,121234.46457813823
2021-08-19,121234.46457813823
2021-08-20,121234.46457813823
2021-08-23,121234.46457813823
2021-08-24,121234.46457813823
2021-08-25,121234.46457813823
2021-08-26,121234.46457813823
2021-08-27,121234.46457813823
2021-08-30,121234.46457813823
2021-08-31,121234.46457813823
2021-09-01,121234.46457813823
2021-09-02,121234.46457813823
2021-09-03,121234.46457813823
2021-09-07,121234.46457813823
2021-09-08,121234.46457813823
2021-09-09,121234.46457813823
2021-09-10,121234.46457813823
2021-09-13,121234.46457813823
2021-09-14,121234.46457813823
2021-09-15,121234.46457813823
2021-09-16,121234.46457813823
2021-09-17,121234.46457813823
2021-09-20,121234.46457813823
2021-09-21,121234.46457813823
2021-09-22,121234.46457813823
2021-09-23,121234.46457813823
2021-09-24,121234.46457813823
2021-09-27,121234.46457813823
2021-09-28,121234.46457813823
2021-09-29,121234.46457813823
2021-09-30,121234.46457813823
2021-10-01,121234.46457813823
2021-10-04,121234.46457813823
2021-10-05,121234.46457813823
2021-10-06,121234.46457813823
2021-10-07,121234.46457813823
2021-10-08,121234.46457813823
2021-10-11,121234.46457813823
2021-10-12,121234.46457813823
2021-10-13,121234.46457813823
2021-10-14,121234.46457813823
2021-10-15,121234.46457813823
2021-10-18,121234.46457813823
2021-10-19,121234.46457813823
2021-10-20,121234.46457813823
2021-10-21,121234.46457813823
2021-10-22,121234.46457813823
2021-10-25,121234.46457813823
2021-10-26,121234.46457813823
2021-10-27,121234.46457813823
2021-10-28,121234.46457813823
2021-10-29,121234.46457813823
2021-11-01,121234.46457813823
2021-11-02,121234.46457813823
2021-11-03,121234.46457813823
2021-11-04,121234.46457813823
2021-11-05,121234.46457813823
2021-11-08,121234.46457813823
2021-11-09,121234.46457813823
2021-11-10,121234.46457813823
2021-11-11,121234.46457813823
2021-11-12,121234.46457813823
2021-11-15,121234.46457813823
2021-11-16,121234.46457813823
2021-11-17,121234.46457813823
2021-11-18,121234.46457813823
2021-11-19,121234.46457813823
2021-11-22,121234.46457813823
2021-11-23,121234.46457813823
2021-11-24,121234.46457813823
2021-11-26,121234.46457813823
2021-11-29,121234.46457813823
2021-11-30,121234.46457813823
2021-12-01,121234.46457813823
2021-12-02,121234.46457813823
2021-12-03,121234.46457813823
2021-12-06,121234.46457813823
2021-12-07,121234.46457813823
2021-12-08,121234.46457813823
2021-12-09,121234.46457813823
2021-12-10,121234.46457813823
2021-12-13,121234.46457813823
2021-12-14,121234.46457813823
2021-12-15,121234.46457813823
2021-12-16,121234.46457813823
2021-12-17,121234.46457813823
2021-12-20,121234.46457813823
2021-12-21,121234.46457813823
2021-12-22,121234.46457813823
2021-12-23,121234.46457813823
2021-12-27,121234.46457813823
2021-12-28,121234.46457813823
2021-12-29,121234.46457813823
2021-12-30,121234.46457813823
2021-12-31,121234.46457813823
2022-01-03,121234.46457813823
2022-01-04,121234.46457813823
2022-01-05,121234.46457813823
2022-01-06,121234.46457813823
2022-01-07,121234.46457813823
2022-01-10,121234.46457813823
2022-01-11,121234.46457813823
2022-01-12,121234.46457813823
2022-01-13,121234.46457813823
2022-01-14,121234.46457813823
2022-01-18,121234.46457813823
2022-01-19,121234.46457813823
2022-01-20,121234.46457813823
2022-01-21,121234.46457813823
2022-01-24,121234.46457813823
2022-01-25,121234.46457813823
2022-01-26,121234.46457813823
2022-01-27,121234.46457813823
2022-01-28,121234.46457813823
2022-01-31,121234.46457813823
2022-02-01,121234.46457813823
2022-02-02,121234.46457813823
2022-02-03,121234.46457813823
2022-02-04,121234.46457813823
2022-02-07,121234.46457813823
2022-02-08,121234.46457813823
2022-02-09,121234.46457813823
2022-02-10,121234.46457813823
2022-02-11,121234.46457813823
2022-02-14,121234.46457813823
2022-02-15,121234.46457813823
2022-02-16,121234.46457813823
2022-02-17,121234.46457813823
2022-02-18,121234.46457813823
2022-02-22,121234.46457813823
2022-02-23,121234.46457813823
2022-02-24,121234.46457813823
2022-02-25,121234.46457813823
2022-02-28,121234.46457813823
2022-03-01,121234.46457813823
2022-03-02,121234.46457813823
2022-03-03,121234.46457813823
2022-03-04,121234.46457813823
2022-03-07,121234.46457813823
2022-03-08,121234.46457813823
2022-03-09,121234.46457813823
2022-03-10,121234.46457813823
2022-03-11,121234.46457813823
2022-03-14,121234.46457813823
2022-03-15,121234.46457813823
2022-03-16,121234.46457813823
2022-03-17,121234.46457813823
2022-03-18,121234.46457813823
2022-03-21,121234.46457813823
2022-03-22,121234.46457813823
2022-03-23,121234.46457813823
2022-03-24,121234.46457813823
2022-03-25,121234.46457813823
2022-03-28,121234.46457813823
2022-03-29,121234.46457813823
2022-03-30,121234.46457813823
2022-03-31,121234.46457813823
2022-04-01,121234.46457813823
2022-04-04,121234.46457813823
2022-04-05,121234.46457813823
2022-04-06,121234.46457813823
2022-04-07,121234.46457813823
2022-04-08,121234.46457813823
2022-04-11,121234.46457813823
2022-04-12,121234.46457813823
2022-04-13,121234.46457813823
2022-04-14,121234.46457813823
2022-04-18,121234.46457813823
2022-04-19,121234.46457813823
2022-04-20,121234.46457813823
2022-04-21,121234.46457813823
2022-04-22,121234.46457813823
2022-04-25,121234.46457813823
2022-04-26,121234.46457813823
2022-04-27,121234.46457813823
2022-04-28,121234.46457813823
2022-04-29,121234.46457813823
2022-05-02,121234.46457813823
2022-05-03,121234.46457813823
2022-05-04,121234.46457813823
2022-05-05,121234.46457813823
2022-05-06,121234.46457813823
2022-05-09,121234.46457813823
2022-05-10,121234.46457813823
2022-05-11,121234.46457813823
2022-05-12,121234.46457813823
2022-05-13,121234.46457813823
2022-05-16,121234.46457813823
2022-05-17,121234.46457813823
2022-05-18,121234.46457813823
2022-05-19,121234.46457813823
2022-05-20,121234.46457813823
2022-05-23,121234.46457813823
2022-05-24,121234.46457813823
2022-05-25,121234.46457813823
2022-05-26,121234.46457813823
2022-05-27,121234.46457813823
2022-05-31,121234.46457813823
2022-06-01,121234.46457813823
2022-06-02,121234.46457813823
2022-06-03,121234.46457813823
2022-06-06,121234.46457813823
2022-06-07,121234.46457813823
2022-06-08,121234.46457813823
2022-06-09,121234.46457813823
2022-06-10,121234.46457813823
2022-06-13,121234.46457813823
2022-06-14,121234.46457813823
2022-06-15,121234.46457813823
2022-06-16,121234.46457813823
2022-06-17,121234.46457813823
2022-06-21,121234.46457813823
2022-06-22,121234.46457813823
2022-06-23,121234.46457813823
2022-06-24,121234.46457813823
2022-06-27,121234.46457813823
2022-06-28,121234.46457813823
2022-06-29,121234.46457813823
2022-06-30,121234.46457813823
2022-07-01,121234.46457813823
2022-07-05,121234.46457813823
2022-07-06,121234.46457813823
2022-07-07,121234.46457813823
2022-07-08,121234.46457813823
2022-07-11,121234.46457813823
2022-07-12,121234.46457813823
2022-07-13,121234.46457813823
2022-07-14,121234.46457813823
2022-07-15,121234.46457813823
2022-07-18,121234.46457813823
2022-07-19,121234.46457813823
2022-07-20,121234.46457813823
2022-07-21,121234.46457813823
2022-07-22,121234.46457813823
2022-07-25,121234.46457813823
2022-07-26,121234.46457813823
2022-07-27,121234.46457813823
2022-07-28,121234.46457813823
2022-07-29,121234.46457813823
2022-08-01,121234.46457813823
2022-08-02,121234.46457813823
2022-08-03,121234.46457813823
2022-08-04,121234.46457813823
2022-08-05,121234.46457813823
2022-08-08,121234.46457813823
2022-08-09,121234.46457813823
2022-08-10,121234.46457813823
2022-08-11,121234.46457813823
2022-08-12,121234.46457813823
2022-08-15,121234.46457813823
2022-08-16,121234.46457813823
2022-08-17,121234.46457813823
2022-08-18,121234.46457813823
2022-08-19,121234.46457813823
2022-08-22,121234.46457813823
2022-08-23,121234.46457813823
2022-08-24,121234.46457813823
2022-08-25,121234.46457813823
2022-08-26,121234.46457813823
2022-08-29,121234.46457813823
2022-08-30,121234.46457813823
2022-08-31,121234.46457813823
2022-09-01,121234.46457813823
2022-09-02,121234.46457813823
2022-09-06,121234.46457813823
2022-09-07,121234.46457813823
2022-09-08,121234.46457813823
2022-09-09,121234.46457813823
2022-09-12,121234.46457813823
2022-09-13,121234.46457813823
2022-09-14,121234.46457813823
2022-09-15,121234.46457813823
2022-09-16,121234.46457813823
2022-09-19,121234.46457813823
2022-09-20,121234.46457813823
2022-09-21,121234.46457813823
2022-09-22,121234.46457813823
2022-09-23,121234.46457813823
2022-09-26,121234.46457813823
2022-09-27,121234.46457813823
2022-09-28,121234.46457813823
2022-09-29,121234.46457813823
2022-09-30,121234.46457813823
2022-10-03,121234.46457813823
2022-10-04,121234.46457813823
2022-10-05,121234.46457813823
2022-10-06,121234.46457813823
2022-10-07,121234.46457813823
2022-10-10,121234.46457813823
2022-10-11,121234.46457813823
2022-10-12,121234.46457813823
2022-10-13,121234.46457813823
2022-10-14,121234.46457813823
2022-10-17,121234.46457813823
2022-10-18,121234.46457813823
2022-10-19,121234.46457813823
2022-10-20,121234.46457813823
2022-10-21,121234.46457813823
2022-10-24,121234.46457813823
2022-10-25,121234.46457813823
2022-10-26,121234.46457813823
2022-10-27,121234.46457813823
2022-10-28,121234.46457813823
2022-10-31,121234.46457813823
2022-11-01,121234.46457813823
2022-11-02,121234.46457813823
2022-11-03,121234.46457813823
2022-11-04,121234.46457813823
2022-11-07,121234.46457813823
2022-11-08,121234.46457813823
2022-11-09,121234.46457813823
2022-11-10,121234.46457813823
2022-11-11,121234.46457813823
2022-11-14,121234.46457813823
2022-11-15,121234.46457813823
2022-11-16,121234.46457813823
2022-11-17,121234.46457813823
2022-11-18,121234.46457813823
2022-11-21,121234.46457813823
2022-11-22,121234.46457813823
2022-11-23,121234.46457813823
2022-11-25,121234.46457813823
2022-11-28,121234.46457813823
2022-11-29,121234.46457813823
2022-11-30,121234.46457813823
2022-12-01,121234.46457813823
2022-12-02,121234.46457813823
2022-12-05,121234.46457813823
2022-12-06,121234.46457813823
2022-12-07,121234.46457813823
2022-12-08,121234.46457813823
2022-12-09,121234.46457813823
2022-12-12,121234.46457813823
2022-12-13,121234.46457813823
2022-12-14,121234.46457813823
2022-12-15,121234.46457813823
2022-12-16,121234.46457813823
2022-12-19,121234.46457813823
2022-12-20,121234.46457813823
2022-12-21,121234.46457813823
2022-12-22,121234.46457813823
2022-12-23,121234.46457813823
2022-12-27,121234.46457813823
2022-12-28,121234.46457813823
2022-12-29,121234.46457813823
2022-12-30,121234.46457813823
2023-01-03,121234.46457813823
2023-01-04,121234.46457813823
2023-01-05,121234.46457813823
2023-01-06,121234.46457813823
2023-01-09,121234.46457813823
2023-01-10,121234.46457813823
2023-01-11,121234.46457813823
2023-01-12,121234.46457813823
2023-01-13,121234.46457813823
2023-01-17,121234.46457813823
2023-01-18,121234.46457813823
2023-01-19,121234.46457813823
2023-01-20,121234.46457813823
2023-01-23,121234.46457813823
2023-01-24,121234.46457813823
2023-01-25,121234.46457813823
2023-01-26,121234.46457813823
2023-01-27,121234.46457813823
2023-01-30,121234.46457813823
2023-01-31,121234.46457813823
2023-02-01,121234.46457813823
2023-02-02,121234.46457813823
2023-02-03,121234.46457813823
2023-02-06,121234.46457813823
2023-02-07,121234.46457813823
2023-02-08,121234.46457813823
2023-02-09,121234.46457813823
2023-02-10,121234.46457813823
2023-02-13,121234.46457813823
2023-02-14,121234.46457813823
2023-02-15,121234.46457813823
2023-02-16,121234.46457813823
2023-02-17,121234.46457813823
2023-02-21,121234.46457813823
2023-02-22,121234.46457813823
2023-02-23,121234.46457813823
2023-02-24,121234.46457813823
2023-02-27,121234.46457813823
2023-02-28,121234.46457813823
2023-03-01,121234.46457813823
2023-03-02,121234.46457813823
2023-03-03,121234.46457813823
2023-03-06,121234.46457813823
2023-03-07,121234.46457813823
2023-03-08,121234.46457813823
2023-03-09,121234.46457813823
2023-03-10,121234.46457813823
2023-03-13,121234.46457813823
2023-03-14,121234.46457813823
2023-03-15,121234.46457813823
2023-03-16,121234.46457813823
2023-03-17,121234.46457813823
2023-03-20,121234.46457813823
2023-03-21,121234.46457813823
2023-03-22,121234.46457813823
2023-03-23,121234.46457813823
2023-03-24,121234.46457813823
2023-03-27,121234.46457813823
2023-03-28,121234.46457813823
2023-03-29,121234.46457813823
2023-03-30,121234.46457813823
2023-03-31,121234.46457813823
2023-04-03,121234.46457813823
2023-04-04,121234.46457813823
2023-04-05,121234.46457813823
2023-04-06,121234.46457813823
2023-04-10,121234.46457813823
2023-04-11,121234.46457813823
2023-04-12,121234.46457813823
2023-04-13,121234.46457813823
2023-04-14,121234.46457813823
2023-04-17,121234.46457813823
2023-04-18,121234.46457813823
2023-04-19,121234.46457813823
2023-04-20,121234.46457813823
2023-04-21,121234.46457813823
2023-04-24,121234.46457813823
2023-04-25,121234.46457813823
2023-04-26,121234.46457813823
2023-04-27,121234.46457813823
2023-04-28,121234.46457813823
2023-05-01,121234.46457813823
2023-05-02,121234.46457813823
2023-05-03,121234.46457813823
2023-05-04,121234.46457813823
2023-05-05,121234.46457813823
2023-05-08,121234.46457813823
2023-05-09,121234.46457813823
2023-05-10,121234.46457813823
2023-05-11,121234.46457813823
2023-05-12,121234.46457813823
2023-05-15,121234.46457813823
2023-05-16,121234.46457813823
2023-05-17,121234.46457813823
2023-05-18,121234.46457813823
2023-05-19,121234.46457813823
2023-05-22,121234.46457813823
2023-05-23,121234.46457813823
2023-05-24,121234.46457813823
2023-05-25,121234.46457813823
2023-05-26,121234.46457813823
2023-05-30,121234.46457813823
2023-05-31,121234.46457813823
2023-06-01,121234.46457813823
2023-06-02,121234.46457813823
2023-06-05,121234.46457813823
2023-06-06,121234.46457813823
2023-06-07,121234.46457813823
2023-06-08,121234.46457813823
2023-06-09,121234.46457813823
2023-06-12,121234.46457813823
2023-06-13,121234.46457813823
2023-06-14,121234.46457813823
2023-06-15,121234.46457813823
2023-06-16,121234.46457813823
2023-06-20,121234.46457813823
2023-06-21,121234.46457813823
2023-06-22,121234.46457813823
2023-06-23,121234.46457813823
2023-06-26,121234.46457813823
2023-06-27,121234.46457813823
2023-06-28,121234.46457813823
2023-06-29,121234.46457813823
2023-06-30,121234.46457813823
2023-07-03,121234.46457813823
2023-07-05,121234.46457813823
2023-07-06,121234.46457813823
2023-07-07,121234.46457813823
2023-07-10,121234.46457813823
2023-07-11,121234.46457813823
2023-07-12,121234.46457813823
2023-07-13,121234.46457813823
2023-07-14,121234.46457813823
2023-07-17,121234.46457813823
2023-07-18,121234.46457813823
2023-07-19,121234.46457813823
2023-07-20,121234.46457813823
2023-07-21,121234.46457813823
2023-07-24,121234.46457813823
2023-07-25,121234.46457813823
2023-07-26,121234.46457813823
2023-07-27,121234.46457813823
2023-07-28,121234.46457813823
2023-07-31,121234.46457813823
2023-08-01,121234.46457813823
2023-08-02,121234.46457813823
2023-08-03,121234.46457813823
2023-08-04,121234.46457813823
2023-08-07,121234.46457813823
2023-08-08,121234.46457813823
2023-08-09,121234.46457813823
2023-08-10,121234.46457813823
2023-08-11,121234.46457813823
2023-08-14,121234.46457813823
2023-08-15,121234.46457813823
2023-08-16,121234.46457813823
2023-08-17,121234.46457813823
2023-08-18,121234.46457813823
2023-08-21,121234.46457813823
2023-08-22,121234.46457813823
2023-08-23,121234.46457813823
2023-08-24,121234.46457813823
2023-08-25,121234.46457813823
2023-08-28,121234.46457813823
2023-08-29,121234.46457813823
2023-08-30,121234.46457813823
2023-08-31,121234.46457813823
2023-09-01,121234.46457813823
2023-09-05,121234.46457813823
2023-09-06,121234.46457813823
2023-09-07,121234.46457813823
2023-09-08,121234.46457813823
2023-09-11,121234.46457813823
2023-09-12,121234.46457813823
2023-09-13,121234.46457813823
2023-09-14,121234.46457813823
2023-09-15,121234.46457813823
2023-09-18,121234.46457813823
2023-09-19,121234.46457813823
2023-09-20,121234.46457813823
2023-09-21,121234.46457813823
2023-09-22,121234.46457813823
2023-09-25,121234.46457813823
2023-09-26,121234.46457813823
2023-09-27,121234.46457813823
2023-09-28,121234.46457813823
2023-09-29,121234.46457813823
2023-10-02,121234.46457813823
2023-10-03,121234.46457813823
2023-10-04,121234.46457813823
2023-10-05,121234.46457813823
2023-10-06,121234.46457813823
2023-10-09,121234.46457813823
2023-10-10,121234.46457813823
2023-10-11,121234.46457813823
2023-10-12,121234.46457813823
2023-10-13,121234.46457813823
2023-10-16,121234.46457813823
2023-10-17,121234.46457813823
2023-10-18,121234.46457813823
2023-10-19,121234.46457813823
2023-10-20,121234.46457813823
2023-10-23,121234.46457813823
2023-10-24,121234.46457813823
2023-10-25,121234.46457813823
2023-10-26,121234.46457813823
2023-10-27,121234.46457813823
2023-10-30,121234.46457813823
2023-10-31,121234.46457813823
2023-11-01,121234.46457813823
2023-11-02,121234.46457813823
2023-11-03,121234.46457813823
2023-11-06,121234.46457813823
2023-11-07,121234.46457813823
2023-11-08,121234.46457813823
2023-11-09,121234.46457813823
2023-11-10,121234.46457813823
2023-11-13,121234.46457813823
2023-11-14,121234.46457813823
2023-11-15,121234.46457813823
2023-11-16,121234.46457813823
2023-11-17,121234.46457813823
2023-11-20,121234.46457813823
2023-11-21,121234.46457813823
2023-11-22,121234.46457813823
2023-11-24,121234.46457813823
2023-11-27,121234.46457813823
2023-11-28,121234.46457813823
2023-11-29,121234.46457813823
2023-11-30,121234.46457813823
2023-12-01,121234.46457813823
2023-12-04,121234.46457813823
2023-12-05,121234.46457813823
2023-12-06,121234.46457813823
2023-12-07,121234.46457813823
2023-12-08,121234.46457813823
2023-12-11,121234.46457813823
2023-12-12,121234.46457813823
2023-12-13,121234.46457813823
2023-12-14,121234.46457813823
2023-12-15,121234.46457813823
2023-12-18,121234.46457813823
2023-12-19,121234.46457813823
2023-12-20,121234.46457813823
2023-12-21,121234.46457813823
2023-12-22,121234.46457813823
2023-12-26,121234.46457813823
2023-12-27,121234.46457813823
2023-12-28,121234.46457813823
2023-12-29,121234.46457813823
2024-01-02,121234.46457813823
2024-01-03,121234.46457813823
2024-01-04,121234.46457813823
2024-01-05,121234.46457813823
2024-01-08,121234.46457813823
2024-01-09,121234.46457813823
2024-01-10,121234.46457813823
2024-01-11,121234.46457813823
2024-01-12,121234.46457813823
2024-01-16,121234.46457813823
2024-01-17,121234.46457813823
2024-01-18,121234.46457813823
2024-01-19,121234.46457813823
2024-01-22,121234.46457813823
2024-01-23,121234.46457813823
2024-01-24,121234.46457813823
2024-01-25,121234.46457813823
2024-01-26,121234.46457813823
2024-01-29,121234.46457813823
2024-01-30,121234.46457813823
2024-01-31,121234.46457813823
2024-02-01,121234.46457813823
2024-02-02,121234.46457813823
2024-02-05,121234.46457813823
2024-02-06,121234.46457813823
2024-02-07,121234.46457813823
2024-02-08,121234.46457813823
2024-02-09,121234.46457813823
2024-02-12,121234.46457813823
2024-02-13,121234.46457813823
2024-02-14,121234.46457813823
2024-02-15,121234.46457813823
2024-02-16,121234.46457813823
2024-02-20,121234.46457813823
2024-02-21,121234.46457813823
2024-02-22,121234.46457813823
2024-02-23,121234.46457813823
2024-02-26,121234.46457813823
2024-02-27,121234.46457813823
2024-02-28,121234.46457813823
2024-02-29,121234.46457813823
2024-03-01,121234.46457813823
2024-03-04,121234.46457813823
2024-03-05,121234.46457813823
2024-03-06,121234.46457813823
2024-03-07,121234.46457813823
2024-03-08,121234.46457813823
2024-03-11,121234.46457813823
2024-03-12,121234.46457813823
2024-03-13,121234.46457813823
2024-03-14,121234.46457813823
2024-03-15,121234.46457813823
2024-03-18,121234.46457813823
2024-03-19,121234.46457813823
2024-03-20,121234.46457813823
2024-03-21,121234.46457813823
2024-03-22,121234.46457813823
2024-03-25,121234.46457813823
2024-03-26,121234.46457813823
2024-03-27,121234.46457813823
2024-03-28,121234.46457813823
2024-04-01,121234.46457813823
2024-04-02,121234.46457813823
2024-04-03,121234.46457813823
2024-04-04,121234.46457813823
2024-04-05,121234.46457813823
2024-04-08,121234.46457813823
2024-04-09,121234.46457813823
2024-04-10,121234.46457813823
2024-04-11,121234.46457813823
2024-04-12,121234.46457813823
2024-04-15,121234.46457813823
2024-04-16,121234.46457813823
2024-04-17,121234.46457813823
2024-04-18,121234.46457813823
2024-04-19,121234.46457813823
2024-04-22,121234.46457813823
2024-04-23,121234.46457813823
2024-04-24,121234.46457813823
2024-04-25,121234.46457813823
2024-04-26,121234.46457813823
2024-04-29,121234.46457813823
2024-04-30,121234.46457813823
2024-05-01,121234.46457813823
2024-05-02,121234.46457813823
2024-05-03,121234.46457813823
2024-05-06,121234.46457813823
2024-05-07,121234.46457813823
2024-05-08,121234.46457813823
2024-05-09,121234.46457813823
2024-05-10,121234.46457813823
2024-05-13,121234.46457813823
2024-05-14,121234.46457813823
2024-05-15,121234.46457813823
2024-05-16,121234.46457813823
2024-05-17,121234.46457813823
2024-05-20,121234.46457813823
2024-05-21,121234.46457813823
2024-05-22,121234.46457813823
2024-05-23,121234.46457813823
2024-05-24,121234.46457813823
2024-05-28,121234.46457813823
2024-05-29,121234.46457813823
2024-05-30,121234.46457813823
2024-05-31,121234.46457813823
2024-06-03,121234.46457813823
2024-06-04,121234.46457813823
2024-06-05,121234.46457813823
2024-06-06,121234.46457813823
2024-06-07,121234.46457813823
2024-06-10,121234.46457813823
2024-06-11,121234.46457813823
2024-06-12,121234.46457813823
2024-06-13,121234.46457813823
2024-06-14,121234.46457813823
2024-06-17,121234.46457813823
2024-06-18,121234.46457813823
2024-06-20,121234.46457813823
2024-06-21,121234.46457813823
2024-06-24,121234.46457813823
2024-06-25,121234.46457813823
2024-06-26,121234.46457813823
2024-06-27,121234.46457813823
2024-06-28,121234.46457813823
2024-07-01,121234.46457813823
2024-07-02,121234.46457813823
2024-07-03,121234.46457813823
2024-07-05,121234.46457813823
2024-07-08,121234.46457813823
2024-07-09,121234.46457813823
2024-07-10,121234.46457813823
2024-07-11,121234.46457813823
2024-07-12,121234.46457813823
2024-07-15,121234.46457813823
2024-07-16,121234.46457813823
2024-07-17,121234.46457813823
2024-07-18,121234.46457813823
2024-07-19,121234.46457813823
2024-07-22,121234.46457813823
2024-07-23,121234.46457813823
2024-07-24,121234.46457813823
2024-07-25,121234.46457813823
2024-07-26,121234.46457813823
2024-07-29,121234.46457813823
2024-07-30,121234.46457813823
2024-07-31,121234.46457813823
2024-08-01,121234.46457813823
2024-08-02,121234.46457813823
2024-08-05,121234.46457813823
2024-08-06,121234.46457813823
2024-08-07,121234.46457813823
2024-08-08,121234.46457813823
2024-08-09,121234.46457813823
2024-08-12,121234.46457813823
2024-08-13,121234.46457813823
2024-08-14,121234.46457813823
2024-08-15,121234.46457813823
2024-08-16,121234.46457813823
2024-08-19,121234.46457813823
2024-08-20,121234.46457813823
2024-08-21,121234.46457813823
2024-08-22,121234.46457813823
2024-08-23,121234.46457813823
2024-08-26,121234.46457813823
2024-08-27,121234.46457813823
2024-08-28,121234.46457813823
2024-08-29,121234.46457813823
2024-08-30,121234.46457813823
2024-09-03,121234.46457813823
2024-09-04,121234.46457813823
2024-09-05,121234.46457813823
2024-09-06,121234.46457813823
2024-09-09,121234.46457813823
2024-09-10,121234.46457813823
2024-09-11,121234.46457813823
2024-09-12,121234.46457813823
2024-09-13,121234.46457813823
2024-09-16,121234.46457813823
2024-09-17,121234.46457813823
2024-09-18,121234.46457813823
2024-09-19,121234.46457813823
2024-09-20,121234.46457813823
2024-09-23,121234.46457813823
2024-09-24,121234.46457813823
2024-09-25,121234.46457813823
2024-09-26,121234.46457813823
2024-09-27,121234.46457813823
2024-09-30,121234.46457813823
2024-10-01,121234.46457813823
2024-10-02,121234.46457813823
2024-10-03,121234.46457813823
2024-10-04,121234.46457813823
2024-10-07,121234.46457813823
2024-10-08,121234.46457813823
2024-10-09,121234.46457813823
2024-10-10,121234.46457813823
2024-10-11,121234.46457813823
2024-10-14,121234.46457813823
2024-10-15,121234.46457813823
2024-10-16,121234.46457813823
2024-10-17,121234.46457813823
2024-10-18,121234.46457813823
2024-10-21,121234.46457813823
2024-10-22,121234.46457813823
2024-10-23,121234.46457813823
2024-10-24,121234.46457813823
2024-10-25,121234.46457813823
2024-10-28,121234.46457813823
2024-10-29,121234.46457813823
2024-10-30,121234.46457813823
2024-10-31,121234.46457813823
2024-11-01,121234.46457813823
2024-11-04,121234.46457813823
2024-11-05,121234.46457813823
2024-11-06,121234.46457813823
2024-11-07,121234.46457813823
2024-11-08,121234.46457813823
2024-11-11,121234.46457813823
2024-11-12,121234.46457813823
2024-11-13,121234.46457813823
2024-11-14,121234.46457813823
2024-11-15,121234.46457813823
2024-11-18,121234.46457813823
2024-11-19,121234.46457813823
2024-11-20,121234.46457813823
2024-11-21,121234.46457813823
2024-11-22,121234.46457813823
2024-11-25,121234.46457813823
2024-11-26,121234.46457813823
2024-11-27,121234.46457813823
2024-11-29,121234.46457813823
2024-12-02,121234.46457813823
2024-12-03,121234.46457813823
2024-12-04,121234.46457813823
2024-12-05,121234.46457813823
2024-12-06,121234.46457813823
2024-12-09,121234.46457813823
2024-12-10,121234.46457813823
2024-12-11,121234.46457813823
2024-12-12,121234.46457813823
2024-12-13,121234.46457813823
2024-12-16,121234.46457813823
2024-12-17,121234.46457813823
2024-12-18,121234.46457813823
2024-12-19,121234.46457813823
2024-12-20,121234.46457813823
2024-12-23,121234.46457813823
2024-12-24,121234.46457813823
2024-12-26,121234.46457813823
2024-12-27,121234.46457813823
2024-12-30,121234.46457813823
2024-12-31,121234.46457813823
2025-01-02,121234.46457813823
2025-01-03,121234.46457813823
2025-01-06,121234.46457813823
2025-01-07,121234.46457813823
2025-01-08,121234.46457813823
2025-01-10,121234.46457813823
2025-01-13,121234.46457813823
2025-01-14,121234.46457813823
2025-01-15,121234.46457813823
2025-01-16,121234.46457813823
2025-01-17,121234.46457813823
2025-01-21,121234.46457813823
2025-01-22,121234.46457813823
2025-01-23,121234.46457813823
2025-01-24,121234.46457813823
2025-01-27,121234.46457813823
2025-01-28,121234.46457813823
2025-01-29,121234.46457813823
2025-01-30,121234.46457813823
2025-01-31,121234.46457813823
2025-02-03,121234.46457813823
2025-02-04,121234.46457813823
2025-02-05,121234.46457813823
2025-02-06,121234.46457813823
2025-02-07,121234.46457813823
2025-02-10,121234.46457813823
2025-02-11,121234.46457813823
2025-02-12,121234.46457813823
2025-02-13,121234.46457813823
2025-02-14,121234.46457813823
2025-02-18,121234.46457813823
2025-02-19,121234.46457813823
2025-02-20,121234.46457813823
2025-02-21,121234.46457813823
2025-02-24,121234.46457813823
2025-02-25,121234.46457813823
2025-02-26,121234.46457813823
2025-02-27,121234.46457813823
2025-02-28,121234.46457813823
2025-03-03,121234.46457813823
2025-03-04,121234.46457813823
2025-03-05,121234.46457813823
2025-03-06,121234.46457813823
2025-03-07,121234.46457813823
2025-03-10,121234.46457813823
2025-03-11,121234.46457813823
2025-03-12,121234.46457813823
2025-03-13,121234.46457813823
2025-03-14,121234.46457813823
2025-03-17,121234.46457813823
2025-03-18,121234.46457813823
2025-03-19,121234.46457813823
2025-03-20,121234.46457813823
2025-03-21,121234.46457813823
2025-03-24,121234.46457813823
2025-03-25,121234.46457813823
2025-03-26,121234.46457813823
2025-03-27,121234.46457813823
2025-03-28,121234.46457813823
2025-03-31,121234.46457813823
2025-04-01,121234.46457813823
2025-04-02,121234.46457813823
2025-04-03,121234.46457813823
2025-04-04,121234.46457813823
2025-04-07,121234.46457813823
2025-04-08,121234.46457813823
2025-04-09,121234.46457813823
2025-04-10,121234.46457813823
2025-04-11,121234.46457813823
2025-04-14,121234.46457813823
2025-04-15,121234.46457813823
2025-04-16,121234.46457813823
2025-04-17,121234.46457813823
2025-04-21,121234.46457813823
2025-04-22,121234.46457813823
2025-04-23,121234.46457813823
2025-04-24,121234.46457813823
2025-04-25,121234.46457813823
2025-04-28,121234.46457813823
2025-04-29,121234.46457813823
2025-04-30,121234.46457813823
2025-05-01,121234.46457813823
2025-05-02,121234.46457813823
2025-05-05,121234.46457813823
2025-05-06,121234.46457813823
2025-05-07,121234.46457813823
2025-05-08,121234.46457813823
2025-05-09,121234.46457813823
2025-05-12,121234.46457813823
2025-05-13,121234.46457813823
2025-05-14,121234.46457813823
2025-05-15,121234.46457813823
2025-05-16,121234.46457813823
2025-05-19,121234.46457813823
2025-05-20,121234.46457813823
2025-05-21,121234.46457813823
2025-05-22,121234.46457813823
2025-05-23,121234.46457813823
2025-05-27,121234.46457813823
2025-05-28,121234.46457813823
2025-05-29,121234.46457813823
2025-05-30,121234.46457813823
2025-06-02,121234.46457813823
2025-06-03,121234.46457813823
2025-06-04,121234.46457813823
2025-06-05,121234.46457813823
2025-06-06,121234.46457813823
2025-06-09,121234.46457813823
2025-06-10,121234.46457813823
2025-06-11,121234.46457813823
2025-06-12,121234.46457813823
2025-06-13,121234.46457813823
2025-06-16,121234.46457813823
2025-06-17,121234.46457813823
2025-06-18,121234.46457813823
2025-06-20,121234.46457813823
2025-06-23,121234.46457813823
2025-06-24,121234.46457813823
2025-06-25,121234.46457813823
2025-06-26,121234.46457813823
2025-06-27,121234.46457813823
2025-06-30,121234.46457813823
2025-07-01,121234.46457813823
2025-07-02,121234.46457813823
2025-07-03,121234.46457813823
2025-07-07,121234.46457813823
2025-07-08,121234.46457813823
2025-07-09,121234.46457813823
2025-07-10,121234.46457813823
2025-07-11,121234.46457813823
2025-07-14,121234.46457813823
2025-07-15,121234.46457813823
2025-07-16,121234.46457813823
2025-07-17,121234.46457813823
2025-07-18,121234.46457813823
2025-07-21,121234.46457813823
2025-07-22,121234.46457813823
2025-07-23,121234.46457813823
2025-07-24,121234.46457813823
2025-07-25,121234.46457813823
2025-07-28,121234.46457813823
2025-07-29,121234.46457813823
2025-07-30,121234.46457813823
2025-07-31,121234.46457813823
2025-08-01,121234.46457813823
2025-08-04,121234.46457813823
2025-08-05,121234.46457813823
2025-08-06,121234.46457813823
2025-08-07,121234.46457813823
2025-08-08,121234.46457813823
2025-08-11,121234.46457813823
2025-08-12,121234.46457813823
2025-08-13,121234.46457813823
2025-08-14,121234.46457813823
2025-08-15,121234.46457813823
2025-08-18,121234.46457813823
2025-08-19,121234.46457813823
2025-08-20,121234.46457813823
2025-08-21,121234.46457813823
2025-08-22,121234.46457813823
2025-08-25,121234.46457813823
2025-08-26,121234.46457813823
2025-08-27,121234.46457813823
2025-08-28,121234.46457813823
2025-08-29,121234.46457813823
2025-09-02,121234.46457813823
2025-09-03,121234.46457813823
2025-09-04,121234.46457813823
2025-09-05,121234.46457813823
2025-09-08,121234.46457813823
2025-09-09,121234.46457813823
2025-09-10,121234.46457813823
2025-09-11,121234.46457813823
2025-09-12,121234.46457813823
2025-09-15,121234.46457813823
2025-09-16,121234.46457813823
2025-09-17,121234.46457813823
2025-09-18,121234.46457813823
2025-09-19,121234.46457813823
2025-09-22,121234.46457813823
2025-09-23,121234.46457813823
2025-09-24,121234.46457813823
2025-09-25,121234.46457813823
2025-09-26,121234.46457813823
2025-09-29,121234.46457813823
2025-09-30,121234.46457813823
2025-10-01,121234.46457813823
2025-10-02,121234.46457813823
2025-10-03,121234.46457813823
2025-10-06,121234.46457813823
2025-10-07,121234.46457813823
2025-10-08,121234.46457813823
2025-10-09,121234.46457813823
2025-10-10,121234.46457813823
2025-10-13,121234.46457813823
2025-10-14,121234.46457813823
2025-10-15,121234.46457813823
2025-10-16,121234.46457813823
2025-10-17,121234.46457813823
2025-10-20,121234.46457813823
2025-10-21,121234.46457813823
2025-10-22,121234.46457813823
2025-10-23,121234.46457813823
2025-10-24,121234.46457813823
2025-10-27,121234.46457813823
2025-10-28,121234.46457813823
2025-10-29,121234.46457813823
2025-10-30,121234.46457813823
2025-10-31,121234.46457813823
2025-11-03,121234.46457813823
2025-11-04,121234.46457813823
2025-11-05,121234.46457813823
2025-11-06,121234.46457813823
2025-11-07,121234.46457813823
2025-11-10,121234.46457813823
2025-11-11,121234.46457813823
2025-11-12,121234.46457813823
2025-11-13,121234.46457813823
2025-11-14,121234.46457813823
2025-11-17,121234.46457813823
2025-11-18,121234.46457813823
2025-11-19,121234.46457813823
2025-11-20,121234.46457813823
2025-11-21,121234.46457813823
2025-11-24,121234.46457813823
2025-11-25,121234.46457813823
2025-11-26,121234.46457813823
2025-11-28,121234.46457813823
2025-12-01,121234.46457813823
2025-12-02,121234.46457813823
2025-12-03,121234.46457813823
2025-12-04,121234.46457813823
2025-12-05,121234.46457813823
2025-12-08,121234.46457813823
2025-12-09,121234.46457813823
2025-12-10,121234.46457813823
2025-12-11,121234.46457813823
2025-12-12,121234.46457813823
2025-12-15,121234.46457813823
2025-12-16,121234.46457813823
2025-12-17,121234.46457813823
2025-12-18,121234.46457813823
2025-12-19,121234.46457813823
2025-12-22,121234.46457813823
2025-12-23,121234.46457813823
2025-12-24,121234.46457813823
2025-12-26,121234.46457813823
2025-12-29,121234.46457813823
2025-12-30,121234.46457813823
2025-12-31,121234.46457813823
